timestamp,user_id,source,context,track_name,artists,track_genre,distance,label
2026-08-31T03:54:28.541707+00:00,형민,mood,mood:장맛비라 꿀꿀하다|artist:billie eilish,ocean eyes,Billie Eilish,electro,1.687901781049924,like
2026-08-31T03:55:17.058824+00:00,형민,mood,mood:장맛비라 꿀꿀하다|artist:billie eilish,Training Wheels,Melanie Martinez,electro,1.1256073615018998,like
2026-08-31T03:56:43.762226+00:00,형민,mood,mood:장맛비라 꿀꿀하다|artist:billie eilish,Tongue,Maribou State;Holly Walker,electro,1.1913248760951192,skip
2026-08-31T03:57:17.882229+00:00,형민,mood,mood:장맛비라 꿀꿀하다|artist:billie eilish,Until I Found You,Stephen Sanchez,pop,1.3417855056545587,like
2026-08-31T03:58:48.254367+00:00,형민,mood,mood:장맛비라 꿀꿀하다|artist:billie eilish,drivers license,Olivia Rodrigo,pop,1.3458222981175931,like
2026-08-31T03:59:26.491804+00:00,형민,mood,mood:장맛비라 꿀꿀하다|artist:billie eilish,Ik Lamha,Azaan Sami Khan,pop,1.406538317238485,skip
2026-08-31T03:59:49.305599+00:00,형민,mood,mood:장맛비라 꿀꿀하다|artist:billie eilish,Munbe Vaa,Joshua Aaron,pop,1.4469193059321501,skip
2026-08-31T04:01:18.779299+00:00,형민,mood,mood:장맛비라 꿀꿀하다|artist:billie eilish,Control,Halsey,electro,1.4482693276782,skip
2026-08-31T04:04:59.501164+00:00,형민,mood,mood:장맛비라 꿀꿀하다|artist:billie eilish,Moral of the Story,Ashe,electro,1.4633889980481256,like
2026-08-31T04:09:35.230384+00:00,형민,mood,mood:장맛비라 꿀꿀하다|artist:billie eilish,you broke me first,Tate McRae,pop,1.4747471697948784,like
2026-08-31T04:16:50.353000+00:00,형민,mood,mood:바람불고 시원하고 감성있는 음악 듣고싶어|artist:Justin bieber,"10,000 Hours (with Justin Bieber)",Dan + Shay;Justin Bieber,country,1.4346685722006074,like
2026-08-31T04:22:22.801232+00:00,형민,mood,mood:바름 부는 날씨이고 감성있는 곡|artist:Justin bieber,85%,Loote;gnash,edm,0.9370707085196692,skip
2026-08-31T04:22:28.049220+00:00,형민,mood,mood:바름 부는 날씨이고 감성있는 곡|artist:Justin bieber,2U (feat. Justin Bieber),David Guetta;Justin Bieber,edm,1.3850768272148355,like
2026-08-31T04:30:43.933992+00:00,형민,mood,mood:바람 부는 날씨이고 감성있는 곡|artist:Justin bieber,2U (feat. Justin Bieber),David Guetta;Justin Bieber,edm,1.3850768272148355,like
2026-08-31T05:06:30.554290+00:00,guest,mood,mood:시원하고 기분 좋은 상태 |artist:,Passion,RAC;Louis The Child,alt-rock,0.8297460828805171,skip
2026-08-31T05:20:44.519038+00:00,형민,mood,mood:시원한 바람이 불어|artist:,I Think We're Alone Now,The Rubinoos,power-pop,0.8695384240776998,skip
2026-08-31T05:22:03.898273+00:00,형민,mood,mood:시원한 바람이 불어|artist:,Kalmalısın,Barış Kocatürk,singer-songwriter,0.9341813334333734,skip
2026-08-31T05:24:07.556366+00:00,형민,mood,mood:시원한 바람이 불어|artist:,I Guess That's Why They Call It The Blues,Elton John,piano,0.987831043747261,skip
2026-08-31T05:24:51.366656+00:00,형민,mood,mood:시원한 바람이 불어|artist:,Çökertme,Cem Karaca,psych-rock,1.0105325349228553,skip
2026-08-31T05:24:52.369055+00:00,형민,mood,mood:시원한 바람이 불어|artist:,Shubhaarambh,Amit Trivedi;Shruti Pathak;Divya Kumar,pop-film,1.0245028449760887,skip
2026-08-31T05:24:58.264984+00:00,형민,mood,mood:시원한 바람이 불어|artist:,Xanadu,Olivia Newton-John,disco,1.0562738784557502,skip
2026-08-31T05:25:03.266933+00:00,형민,mood,mood:시원한 바람이 불어|artist:,Sysselmannen,Lars Winnerbäck,singer-songwriter,1.0607160627754908,skip
2026-08-31T05:25:10.173822+00:00,형민,mood,mood:시원한 바람이 불어|artist:,Man in the Rain,Mike Oldfield,new-age,0.9977453448267136,skip
2026-08-31T05:25:32.528021+00:00,형민,mood,mood:시원한 바람이 불어|artist:,Save a Prayer - 2009 Remaster,Duran Duran,synth-pop,1.005231880691498,skip
2026-08-31T05:27:29.234701+00:00,형민,mood,mood:시원한 바람이 불어|artist:,Lose Control,MEDUZA;Becky Hill;Goodboys,dance,1.0342057770681574,skip
2026-08-31T05:30:36.166493+00:00,형민,mood,mood:시원해|artist:lauv,"fuck, i'm lonely (with Anne-Marie)",Lauv;Anne-Marie,electro,2.1002247763368125,like
2026-08-31T05:36:52.781249+00:00,형민,mood,mood:시원한 날씨|artist:lauv,A Different Way (with Lauv),DJ Snake;Lauv,edm,1.5320151691553252,like
2026-08-31T05:41:42.916270+00:00,gudals,mood,mood:시원한 바람 |artist:lauv,if I were u (with Lauv),blackbear;Lauv,electro,2.15082573098542,like
2026-08-31T05:51:59.533783+00:00,guest,mood,mood:시원한 바람|artist:Justin bieber,2U (feat. Justin Bieber),David Guetta;Justin Bieber,edm,1.5792270638908066,like
2026-08-31T05:52:57.079067+00:00,guest,mood,mood:시원한 바람|artist:Justin bieber,Mai Ni Meriye,Lost Stories;Jonita Gandhi;Ashwin Adwani,edm,1.2350969231263766,skip
2026-08-31T05:54:08.056150+00:00,guest,mood,mood:시원한 바람|artist:Justin bieber,Emannavoo,Anirudh Ravichander;Shweta Mohan,hip-hop,1.272747302902633,skip
2026-08-31T05:54:09.875195+00:00,guest,mood,mood:시원한 바람|artist:Justin bieber,Nee Paartha Vizhigal - The Touch of Love,Anirudh Ravichander;Vijay Yesudas;Shweta Mohan,hip-hop,1.277247831100598,skip
2026-08-31T05:55:04.976892+00:00,guest,mood,mood:시원한 바람|artist:Justin bieber,Take It Easy - 2013 Remaster,Eagles,country,1.2911880840501802,skip
2026-08-31T05:55:24.869741+00:00,guest,mood,mood:시원한 바람|artist:Justin bieber,The Mood,Timaya,dancehall,1.3347538204586462,skip
2026-08-31T05:57:38.730331+00:00,guest,mood,mood:시원한 바람|artist:Justin bieber,Kannuladha - The Kiss of Love,Anirudh Ravichander;Dhanush;Shruti Haasan,hip-hop,1.403633255926368,skip
2026-08-31T05:58:58.816915+00:00,guest,mood,mood:시원한 바람|artist:Justin bieber,Make You Say,Zedd;Maren Morris;BEAUZ,edm,1.3520681172408433,like
2026-08-31T06:01:12.059122+00:00,guest,mood,mood:시원한 바람|artist:Justin bieber,New Kid in Town - 2013 Remaster,Eagles,country,1.39994447068858,like
2026-08-31T06:01:56.597948+00:00,guest,mood,mood:시원한 바람|artist:Justin bieber,Jolene,Dolly Parton,country,1.40251164761356,skip
2026-08-31T06:03:10.552350+00:00,형민,mood,mood:시원한 바람|artist:Justin bieber,2U (feat. Justin Bieber),David Guetta;Justin Bieber,edm,1.5792270638908066,like
2026-08-31T06:03:11.989835+00:00,형민,mood,mood:시원한 바람|artist:Justin bieber,Mai Ni Meriye,Lost Stories;Jonita Gandhi;Ashwin Adwani,edm,1.2350969231263766,skip
2026-08-31T06:03:13.276094+00:00,형민,mood,mood:시원한 바람|artist:Justin bieber,Emannavoo,Anirudh Ravichander;Shweta Mohan,hip-hop,1.272747302902633,skip
2026-08-31T06:03:15.148008+00:00,형민,mood,mood:시원한 바람|artist:Justin bieber,Nee Paartha Vizhigal - The Touch of Love,Anirudh Ravichander;Vijay Yesudas;Shweta Mohan,hip-hop,1.277247831100598,skip
2026-08-31T06:03:16.782154+00:00,형민,mood,mood:시원한 바람|artist:Justin bieber,Take It Easy - 2013 Remaster,Eagles,country,1.2911880840501802,like
2026-08-31T06:03:19.636514+00:00,형민,mood,mood:시원한 바람|artist:Justin bieber,The Mood,Timaya,dancehall,1.3347538204586462,skip
2026-08-31T06:03:20.638874+00:00,형민,mood,mood:시원한 바람|artist:Justin bieber,Make You Say,Zedd;Maren Morris;BEAUZ,edm,1.3520681172408433,like
2026-08-31T06:03:22.383622+00:00,형민,mood,mood:시원한 바람|artist:Justin bieber,New Kid in Town - 2013 Remaster,Eagles,country,1.39994447068858,skip
2026-08-31T06:03:23.945273+00:00,형민,mood,mood:시원한 바람|artist:Justin bieber,Jolene,Dolly Parton,country,1.40251164761356,skip
2026-08-31T06:03:24.718070+00:00,형민,mood,mood:시원한 바람|artist:Justin bieber,Kannuladha - The Kiss of Love,Anirudh Ravichander;Dhanush;Shruti Haasan,hip-hop,1.403633255926368,skip
2026-08-31T06:04:49.871353+00:00,형민,mood,mood:비가오고 울적하고 쓸쓸해|artist:billie eilish,my future,Billie Eilish,electro,1.4757049171811827,like
2026-08-31T06:08:52.654019+00:00,형민,mood,mood:비가오고 울적하고 쓸쓸해|artist:billie eilish,Out Of Love,Alessia Cara,electro,1.1551307076279294,like
2026-08-31T06:10:26.872165+00:00,형민,mood,mood:비가오고 울적하고 쓸쓸해|artist:billie eilish,you broke me first,Tate McRae,pop,1.2628040592294687,like
2026-08-31T06:11:43.175472+00:00,형민,mood,mood:비가오고 울적하고 쓸쓸해|artist:billie eilish,Chupana Bhi Nahi Aata - Recreated Version,Stebin Ben,pop,1.4038365258617944,skip
2026-08-31T06:12:40.090035+00:00,형민,mood,mood:비가오고 울적하고 쓸쓸해|artist:billie eilish,Too Sad To Cry,Sasha Alex Sloan,electro,1.421305637299297,like
2026-08-31T06:13:31.760349+00:00,형민,mood,mood:비가오고 울적하고 쓸쓸해|artist:billie eilish,Moral of the Story (feat. Niall Horan) - Bonus Track,Ashe;Niall Horan,electro,1.452560918316306,like
2026-08-31T06:13:56.876211+00:00,형민,mood,mood:비가오고 울적하고 쓸쓸해|artist:billie eilish,Training Wheels,Melanie Martinez,electro,1.4736307824326769,like
2026-08-31T06:14:04.698712+00:00,형민,mood,mood:비가오고 울적하고 쓸쓸해|artist:billie eilish,Moral of the Story (feat. Niall Horan),Ashe;Niall Horan,electro,1.484252975186422,like
2026-08-31T06:14:56.717714+00:00,형민,mood,mood:비가오고 울적하고 쓸쓸해|artist:billie eilish,drivers license,Olivia Rodrigo,pop,1.4866466243719423,like
2026-08-31T06:17:39.979391+00:00,형민,mood,mood:비가오고 울적하고 쓸쓸해|artist:billie eilish,Runaway,AURORA,pop,1.48940019021025,like
2026-08-31T21:43:34.297049+00:00,형민,mood,mood:비오고 슬퍼|artist:giveon,Heartbreak Anniversary,Giveon,pop,2.726462599569824,like
2026-08-31T21:45:46.686367+00:00,형민,mood,mood:비오고 슬퍼|artist:giveon,you broke me first,Tate McRae,pop,1.1156937852372177,like
2026-08-31T21:45:50.242070+00:00,형민,mood,mood:비오고 슬퍼|artist:giveon,drivers license,Olivia Rodrigo,pop,1.2083522622311067,like
2026-08-31T21:46:18.709936+00:00,형민,mood,mood:비오고 슬퍼|artist:giveon,Munbe Vaa,Joshua Aaron,pop,1.3595309445930126,skip
2026-08-31T21:48:26.621433+00:00,형민,mood,mood:비오고 슬퍼|artist:giveon,Photograph,Ed Sheeran,pop,1.4018147040382345,like
2026-08-31T21:48:30.242335+00:00,형민,mood,mood:비오고 슬퍼|artist:giveon,Until I Found You,Stephen Sanchez,pop,1.508229927767759,like
2026-08-31T21:48:52.840035+00:00,형민,mood,mood:비오고 슬퍼|artist:giveon,Runaway,AURORA,pop,1.5356402286657385,skip
2026-08-31T21:49:31.573695+00:00,형민,mood,mood:비오고 슬퍼|artist:giveon,Aziyat,Pratsofficial,pop,1.571521009224829,skip
2026-08-31T21:49:39.842390+00:00,형민,mood,mood:비오고 슬퍼|artist:giveon,Chupana Bhi Nahi Aata - Recreated Version,Stebin Ben,pop,1.5736089070230705,skip
2026-08-31T21:50:36.993018+00:00,형민,mood,mood:비오고 슬퍼|artist:giveon,traitor,Olivia Rodrigo,pop,1.7169696370189897,like
2026-08-31T21:51:53.236424+00:00,형민,mood,mood:햇빛이 많고 신비로운 느낌 |artist:giveon,Peaches (feat. Daniel Caesar & Giveon),Justin Bieber;Daniel Caesar;Giveon,pop,3.1575233403503424,like
2026-08-31T21:53:09.777175+00:00,형민,mood,mood:햇빛이 많고 신비로운 느낌 |artist:giveon,Calm Down (with Selena Gomez),Rema;Selena Gomez,pop,1.6738599056616357,skip
2026-08-31T21:54:01.877157+00:00,형민,mood,mood:햇빛이 많고 신비로운 느낌 |artist:giveon,"Coka 2.0 (From ""Liger"")",Jaani;Lijo George-Dj Chetas;Sukh-E Muzical Doctorz;Lisa Mishra,pop,1.7247952019201482,skip
2026-08-31T21:54:03.864719+00:00,형민,mood,mood:햇빛이 많고 신비로운 느낌 |artist:giveon,"Coka 2.0 (From ""Liger (Telugu)"")",Jaani;Lijo George-Dj Chetas;Ram Miriyala;Geetha Madhuri;Sukh-E Muzical Doctorz,pop,1.8362826014871687,skip
2026-08-31T21:54:14.769575+00:00,형민,mood,mood:햇빛이 많고 신비로운 느낌 |artist:giveon,Naah,Harrdy Sandhu,pop,1.8478509273795454,skip
2026-08-31T21:54:37.681415+00:00,형민,mood,mood:햇빛이 많고 신비로운 느낌 |artist:giveon,Kala Chashma,Amar Arshi;Badshah;Neha Kakkar;Indeep Bakshi;Prem & Hardeep,pop,1.854298334349726,skip
2026-08-31T21:54:52.218577+00:00,형민,mood,mood:햇빛이 많고 신비로운 느낌 |artist:giveon,"Gali Gali (From ""Kgf Chapter 1"")",Neha Kakkar;Tanishk Bagchi,pop,1.8926796052691481,skip
2026-08-31T21:55:30.764736+00:00,형민,mood,mood:햇빛이 많고 신비로운 느낌 |artist:giveon,Lemonade,Diljit Dosanjh,pop,1.9925481544075252,skip
2026-08-31T21:55:36.429122+00:00,형민,mood,mood:햇빛이 많고 신비로운 느낌 |artist:giveon,"Ghalat Fehmi - From ""Superstar""",Asim Azhar;Zenab Fatimah Sultan,pop,2.0242063840816336,skip
2026-08-31T21:55:58.022023+00:00,형민,mood,mood:햇빛이 많고 신비로운 느낌 |artist:giveon,Mitti De Tibbe,Kaka,pop,2.0279328624232527,skip
2026-08-31T21:59:41.929142+00:00,형민,mood,mood:햇빛이 많고 신비로운 느낌 |artist:billie eilish,I Didn't Change My Number,Billie Eilish,electro,3.3138675800887074,skip
2026-08-31T22:02:04.945608+00:00,형민,mood,mood:햇빛이 많고 신비로운 느낌 |artist:billie eilish,"Stay With Me (with Justin Timberlake, Halsey & Pharrell)",Calvin Harris;Justin Timberlake;Halsey;Pharrell Williams,electro,1.6584026421427285,like
2026-08-31T22:02:50.989848+00:00,형민,mood,mood:햇빛이 많고 신비로운 느낌 |artist:billie eilish,"Stay With Me (with Justin Timberlake, Halsey, & Pharrell)",Calvin Harris;Justin Timberlake;Halsey;Pharrell Williams,electro,1.6584026421427285,like
2026-08-31T22:04:39.774453+00:00,형민,mood,mood:햇빛이 많고 신비로운 느낌 |artist:billie eilish,Obsessed (with Charlie Puth & Shenseea),Calvin Harris;Charlie Puth;Shenseea,electro,1.894805512539714,skip
2026-08-31T22:09:39.815845+00:00,guest,mood,mood:여유롭게 동네 어슬렁거리는 중|artist:Charlie puth,See You Again (feat. Charlie Puth),Wiz Khalifa;Charlie Puth,dance,1.576502738599167,like
2026-08-31T22:11:00.525109+00:00,guest,mood,mood:여유롭게 동네 어슬렁거리는 중|artist:Charlie puth,Older,Alec Benjamin,electro,1.029258115399318,like
2026-08-31T22:11:59.538066+00:00,guest,mood,mood:여유롭게 동네 어슬렁거리는 중|artist:Charlie puth,Too Good At Goodbyes,Sam Smith,dance,1.2047656457282157,like
2026-08-31T22:14:20.477173+00:00,guest,mood,mood:여유롭게 동네 어슬렁거리는 중|artist:Charlie puth,Why Am I Like This?,Orla Gartland,indie-pop,1.2157675625168283,like
2026-08-31T22:14:57.523511+00:00,guest,mood,mood:여유롭게 동네 어슬렁거리는 중|artist:Charlie puth,Galveston Bay,Parker McCollum,country,1.2269912363769904,skip
2026-08-31T22:16:37.496627+00:00,guest,mood,mood:여유롭게 동네 어슬렁거리는 중|artist:Charlie puth,I Quit Drinking,Kelsea Ballerini;LANY,country,1.2627226503563744,like
2026-08-31T22:17:38.162927+00:00,guest,mood,mood:여유롭게 동네 어슬렁거리는 중|artist:Charlie puth,Dancing With Your Ghost,Sasha Alex Sloan,electro,1.270571592107518,like
2026-08-31T22:19:11.256356+00:00,guest,mood,mood:여유롭게 동네 어슬렁거리는 중|artist:Charlie puth,Blue Ain't Your Color,Keith Urban,country,1.2851509331992068,like
2026-09-03T08:40:51.067501+00:00,형민,mood,mood:오늘 유난히 불안해 그리고 어슬렁 거리는 중이야|artist:Billie Eilish,COPYCAT,Billie Eilish,electro,1.8278727998665651,like
2026-09-03T08:41:43.712444+00:00,형민,mood,mood:오늘 유난히 불안해 그리고 어슬렁 거리는 중이야|artist:Billie Eilish,Moral of the Story (feat. Niall Horan) - Bonus Track,Ashe;Niall Horan,electro,1.489770745357478,like
2026-09-03T08:41:48.346200+00:00,형민,mood,mood:오늘 유난히 불안해 그리고 어슬렁 거리는 중이야|artist:Billie Eilish,Moral of the Story (feat. Niall Horan),Ashe;Niall Horan,electro,1.5196458803733857,like
2026-09-03T08:42:49.701528+00:00,형민,mood,mood:오늘 유난히 불안해 그리고 어슬렁 거리는 중이야|artist:Billie Eilish,Perfect,Ed Sheeran,pop,1.659813779911578,like
2026-09-03T08:44:39.048931+00:00,형민,mood,mood:오늘 유난히 불안해 그리고 어슬렁 거리는 중이야|artist:Billie Eilish,Photograph,Ed Sheeran,pop,1.670272690004931,like
2026-09-03T08:45:52.864663+00:00,형민,mood,mood:오늘 유난히 불안해 그리고 어슬렁 거리는 중이야|artist:Billie Eilish,Nightmares,Ellise,electro,1.6989365761772768,like
2026-09-03T08:47:02.365185+00:00,형민,mood,mood:오늘 유난히 불안해 그리고 어슬렁 거리는 중이야|artist:Billie Eilish,Runaway,AURORA,pop,1.7619835633372267,skip
2026-09-03T08:47:25.743968+00:00,형민,mood,mood:오늘 유난히 불안해 그리고 어슬렁 거리는 중이야|artist:Billie Eilish,Moral of the Story,Ashe,electro,1.8535142098706054,like
2026-09-03T08:49:26.568400+00:00,형민,mood,mood:오늘 유난히 불안해 그리고 어슬렁 거리는 중이야|artist:Billie Eilish,Tongue,Maribou State;Holly Walker,electro,1.7638650262032958,skip
2026-09-03T08:51:41.653483+00:00,형민,mood,mood:오늘 유난히 불안해 그리고 어슬렁 거리는 중이야|artist:Billie Eilish,Same Place,JOY.,electro,1.8159418982442188,skip
2026-09-04T07:29:08.994037+00:00,형민,mood,mood:비오는 날 창 밖 보면서 감성노래 듣고싶어|artist:Justin bieber,"10,000 Hours (with Justin Bieber) - Piano",Dan + Shay;Justin Bieber,country,3.0283817287021857,like
2026-09-04T07:30:44.009404+00:00,형민,mood,mood:비오는 날 창 밖 보면서 감성노래 듣고싶어|artist:Justin bieber,Tides,Bonobo;Jamila Woods,electronic,1.2918516289622617,like
2026-09-04T07:34:24.641575+00:00,형민,mood,mood:비오는 날 창 밖 보면서 감성노래 듣고싶어|artist:Justin bieber,Into The Black,Chromatics,electronic,1.4858116481614907,skip
2026-09-04T07:35:50.805664+00:00,형민,mood,mood:비오는 날 창 밖 보면서 감성노래 듣고싶어|artist:Justin bieber,Out Of Love,Alessia Cara,electro,1.5470312355734601,like
2026-09-04T07:36:37.108460+00:00,형민,mood,mood:비오는 날 창 밖 보면서 감성노래 듣고싶어|artist:Justin bieber,you broke me first,Tate McRae,pop,1.5699691313278614,like
2026-09-04T07:37:17.453263+00:00,형민,mood,mood:비오는 날 창 밖 보면서 감성노래 듣고싶어|artist:Justin bieber,my future,Billie Eilish,electro,1.600878466745096,like
2026-09-04T07:38:39.460016+00:00,형민,mood,mood:비오는 날 창 밖 보면서 감성노래 듣고싶어|artist:Justin bieber,Amour,Izzamuzzic,electronic,1.635252430707444,skip
2026-09-04T07:39:46.779826+00:00,형민,mood,mood:비오는 날 창 밖 보면서 감성노래 듣고싶어|artist:Justin bieber,Равнодушие,Malbec;Siuzanna,electronic,1.7202388391904175,skip
2026-09-04T07:39:51.873076+00:00,형민,mood,mood:비오는 날 창 밖 보면서 감성노래 듣고싶어|artist:Justin bieber,Training Wheels,Melanie Martinez,electro,1.68956836192029,like
2026-09-04T07:40:33.899950+00:00,형민,mood,mood:비오는 날 창 밖 보면서 감성노래 듣고싶어|artist:Justin bieber,You’ll Never Walk Alone,Simon Casey,country,1.7008746021173382,skip
